"","c.X5...NaN..X0...NaN..X0.1...NaN..X0.2...NaN..X0.3...NaN..X0.4...NaN..","c.X5...NaN..X0...NaN..X0.1...NaN..X0.2...NaN..X0.3...NaN..X0.4...NaN...1","c.X5...NaN..X0...NaN..X0.1...NaN..X0.2...NaN..X0.3...NaN..X0.4...NaN...2","c.X5...NaN..X0...NaN..X0.1...NaN..X0.2...NaN..X0.3...NaN..X0.4...NaN...3","c.X5...NaN..X0...NaN..X0.1...NaN..X0.2...NaN..X0.3...NaN..X0.4...NaN...4","c.X5...NaN..X0...NaN..X0.1...NaN..X0.2...NaN..X0.3...NaN..X0.4...NaN...5","c.X5...NaN..X0...NaN..X0.1...NaN..X0.2...NaN..X0.3...NaN..X0.4...NaN...6","c.X5...NaN..X0...NaN..X0.1...NaN..X0.2...NaN..X0.3...NaN..X0.4...NaN...7","c.X5...NaN..X0...NaN..X0.1...NaN..X0.2...NaN..X0.3...NaN..X0.4...NaN...8","c.X5...NaN..X0...NaN..X0.1...NaN..X0.2...NaN..X0.3...NaN..X0.4...NaN...9"
"X5",NA,NA,NA,NA,NA,NA,NA,NA,NA,NA
"X0",NA,NA,NA,NA,NA,NA,NA,NA,NA,NA
"X0.1",NA,NA,NA,NA,NA,NA,NA,NA,NA,NA
"X0.2",NA,NA,NA,NA,NA,NA,NA,NA,NA,NA
"X0.3",NA,NA,NA,NA,NA,NA,NA,NA,NA,NA
"X0.4",NA,NA,NA,NA,NA,NA,NA,NA,NA,NA
"X0.5",NA,NA,NA,NA,NA,NA,NA,NA,NA,NA
"X0.6",NA,NA,NA,NA,NA,NA,NA,NA,NA,NA
"X0.7",NA,NA,NA,NA,NA,NA,NA,NA,NA,NA
"X0.8",NA,NA,NA,NA,NA,NA,NA,NA,NA,NA
"X0.9",NA,NA,NA,NA,NA,NA,NA,NA,NA,NA
"X0.10",NA,NA,NA,NA,NA,NA,NA,NA,NA,NA
"X0.11",NA,NA,NA,NA,NA,NA,NA,NA,NA,NA
"X0.12",NA,NA,NA,NA,NA,NA,NA,NA,NA,NA
"X0.13",NA,NA,NA,NA,NA,NA,NA,NA,NA,NA
"X0.14",NA,NA,NA,NA,NA,NA,NA,NA,NA,NA
"X0.15",NA,NA,NA,NA,NA,NA,NA,NA,NA,NA
"X0.16",NA,NA,NA,NA,NA,NA,NA,NA,NA,NA
"X0.17",NA,NA,NA,NA,NA,NA,NA,NA,NA,NA
"X0.18",NA,NA,NA,NA,NA,NA,NA,NA,NA,NA
"X0.19",NA,NA,NA,NA,NA,NA,NA,NA,NA,NA
"X0.20",NA,NA,NA,NA,NA,NA,NA,NA,NA,NA
"X0.21",NA,NA,NA,NA,NA,NA,NA,NA,NA,NA
"X0.22",NA,NA,NA,NA,NA,NA,NA,NA,NA,NA
"X0.23",NA,NA,NA,NA,NA,NA,NA,NA,NA,NA
"X0.24",NA,NA,NA,NA,NA,NA,NA,NA,NA,NA
"X0.25",NA,NA,NA,NA,NA,NA,NA,NA,NA,NA
"X0.26",NA,NA,NA,NA,NA,NA,NA,NA,NA,NA
"X0.27",NA,NA,NA,NA,NA,NA,NA,NA,NA,NA
"X0.28",NA,NA,NA,NA,NA,NA,NA,NA,NA,NA
"X0.29",NA,NA,NA,NA,NA,NA,NA,NA,NA,NA
"X0.30",NA,NA,NA,NA,NA,NA,NA,NA,NA,NA
"X0.31",NA,NA,NA,NA,NA,NA,NA,NA,NA,NA
"X0.32",NA,NA,NA,NA,NA,NA,NA,NA,NA,NA
"X0.33",NA,NA,NA,NA,NA,NA,NA,NA,NA,NA
"X0.34",NA,NA,NA,NA,NA,NA,NA,NA,NA,NA
"X0.35",NA,NA,NA,NA,NA,NA,NA,NA,NA,NA
"X0.36",NA,NA,NA,NA,NA,NA,NA,NA,NA,NA
"X0.37",NA,NA,NA,NA,NA,NA,NA,NA,NA,NA
"X0.38",NA,NA,NA,NA,NA,NA,NA,NA,NA,NA
"X0.39",NA,NA,NA,NA,NA,NA,NA,NA,NA,NA
"X0.40",NA,NA,NA,NA,NA,NA,NA,NA,NA,NA
"X0.41",NA,NA,NA,NA,NA,NA,NA,NA,NA,NA
"X0.42",NA,NA,NA,NA,NA,NA,NA,NA,NA,NA
"X0.43",NA,NA,NA,NA,NA,NA,NA,NA,NA,NA
"X0.44",NA,NA,NA,NA,NA,NA,NA,NA,NA,NA
"X0.45",NA,NA,NA,NA,NA,NA,NA,NA,NA,NA
"X0.46",NA,NA,NA,NA,NA,NA,NA,NA,NA,NA
"X0.47",NA,NA,NA,NA,NA,NA,NA,NA,NA,NA
"X0.48",NA,NA,NA,NA,NA,NA,NA,NA,NA,NA
"X0.49",NA,NA,NA,NA,NA,NA,NA,NA,NA,NA
"X0.50",NA,NA,NA,NA,NA,NA,NA,NA,NA,NA
"X0.51",NA,NA,NA,NA,NA,NA,NA,NA,NA,NA
"X0.52",NA,NA,NA,NA,NA,NA,NA,NA,NA,NA
"X0.53",NA,NA,NA,NA,NA,NA,NA,NA,NA,NA
"X0.54",NA,NA,NA,NA,NA,NA,NA,NA,NA,NA
"X0.55",NA,NA,NA,NA,NA,NA,NA,NA,NA,NA
"X0.56",NA,NA,NA,NA,NA,NA,NA,NA,NA,NA
"X0.57",NA,NA,NA,NA,NA,NA,NA,NA,NA,NA
"X0.58",NA,NA,NA,NA,NA,NA,NA,NA,NA,NA
"X0.59",NA,NA,NA,NA,NA,NA,NA,NA,NA,NA
"X0.60",NA,NA,NA,NA,NA,NA,NA,NA,NA,NA
"X0.61",NA,NA,NA,NA,NA,NA,NA,NA,NA,NA
"X0.62",NA,NA,NA,NA,NA,NA,NA,NA,NA,NA
"X0.63",NA,NA,NA,NA,NA,NA,NA,NA,NA,NA
"X0.64",NA,NA,NA,NA,NA,NA,NA,NA,NA,NA
"X0.65",NA,NA,NA,NA,NA,NA,NA,NA,NA,NA
"X0.66",NA,NA,NA,NA,NA,NA,NA,NA,NA,NA
"X0.67",NA,NA,NA,NA,NA,NA,NA,NA,NA,NA
"X0.68",NA,NA,NA,NA,NA,NA,NA,NA,NA,NA
"X0.69",NA,NA,NA,NA,NA,NA,NA,NA,NA,NA
"X0.70",NA,NA,NA,NA,NA,NA,NA,NA,NA,NA
"X0.71",NA,NA,NA,NA,NA,NA,NA,NA,NA,NA
"X0.72",NA,NA,NA,NA,NA,NA,NA,NA,NA,NA
"X0.73",NA,NA,NA,NA,NA,NA,NA,NA,NA,NA
"X0.74",NA,NA,NA,NA,NA,NA,NA,NA,NA,NA
"X0.75",NA,NA,NA,NA,NA,NA,NA,NA,NA,NA
"X0.76",NA,NA,NA,NA,NA,NA,NA,NA,NA,NA
"X0.77",NA,NA,NA,NA,NA,NA,NA,NA,NA,NA
"X0.78",NA,NA,NA,NA,NA,NA,NA,NA,NA,NA
"X0.79",NA,NA,NA,NA,NA,NA,NA,NA,NA,NA
"X0.80",NA,NA,NA,NA,NA,NA,NA,NA,NA,NA
"X0.81",NA,NA,NA,NA,NA,NA,NA,NA,NA,NA
"X0.82",NA,NA,NA,NA,NA,NA,NA,NA,NA,NA
"X0.83",NA,NA,NA,NA,NA,NA,NA,NA,NA,NA
"X0.84",NA,NA,NA,NA,NA,NA,NA,NA,NA,NA
"X0.85",NA,NA,NA,NA,NA,NA,NA,NA,NA,NA
"X0.86",NA,NA,NA,NA,NA,NA,NA,NA,NA,NA
"X0.87",NA,NA,NA,NA,NA,NA,NA,NA,NA,NA
"X0.88",NA,NA,NA,NA,NA,NA,NA,NA,NA,NA
"X0.89",NA,NA,NA,NA,NA,NA,NA,NA,NA,NA
"X0.90",NA,NA,NA,NA,NA,NA,NA,NA,NA,NA
"X0.91",NA,NA,NA,NA,NA,NA,NA,NA,NA,NA
"X0.92",NA,NA,NA,NA,NA,NA,NA,NA,NA,NA
"X0.93",NA,NA,NA,NA,NA,NA,NA,NA,NA,NA
"X0.94",NA,NA,NA,NA,NA,NA,NA,NA,NA,NA
"X0.95",NA,NA,NA,NA,NA,NA,NA,NA,NA,NA
"X0.96",NA,NA,NA,NA,NA,NA,NA,NA,NA,NA
"X0.97",NA,NA,NA,NA,NA,NA,NA,NA,NA,NA
"X0.98",NA,NA,NA,NA,NA,NA,NA,NA,NA,NA
"X0.99",NA,NA,NA,NA,NA,NA,NA,NA,NA,NA
"X0.100",NA,NA,NA,NA,NA,NA,NA,NA,NA,NA
"X0.101",NA,NA,NA,NA,NA,NA,NA,NA,NA,NA
"X0.102",NA,NA,NA,NA,NA,NA,NA,NA,NA,NA
"X0.103",NA,NA,NA,NA,NA,NA,NA,NA,NA,NA
"X0.104",NA,NA,NA,NA,NA,NA,NA,NA,NA,NA
"X0.105",NA,NA,NA,NA,NA,NA,NA,NA,NA,NA
"X0.106",NA,NA,NA,NA,NA,NA,NA,NA,NA,NA
"X0.107",NA,NA,NA,NA,NA,NA,NA,NA,NA,NA
"X0.108",NA,NA,NA,NA,NA,NA,NA,NA,NA,NA
"X0.109",NA,NA,NA,NA,NA,NA,NA,NA,NA,NA
"X0.110",NA,NA,NA,NA,NA,NA,NA,NA,NA,NA
"X0.111",NA,NA,NA,NA,NA,NA,NA,NA,NA,NA
"X0.112",NA,NA,NA,NA,NA,NA,NA,NA,NA,NA
"X0.113",NA,NA,NA,NA,NA,NA,NA,NA,NA,NA
"X0.114",NA,NA,NA,NA,NA,NA,NA,NA,NA,NA
"X0.115",NA,NA,NA,NA,NA,NA,NA,NA,NA,NA
"X0.116",NA,NA,NA,NA,NA,NA,NA,NA,NA,NA
"X0.117",NA,NA,NA,NA,NA,NA,NA,NA,NA,NA
"X0.118",NA,NA,NA,NA,NA,NA,NA,NA,NA,NA
"X0.119",NA,NA,NA,NA,NA,NA,NA,NA,NA,NA
"X0.120",NA,NA,NA,NA,NA,NA,NA,NA,NA,NA
"X0.121",NA,NA,NA,NA,NA,NA,NA,NA,NA,NA
"X0.122",NA,NA,NA,NA,NA,NA,NA,NA,NA,NA
"X0.123",NA,NA,NA,NA,NA,NA,NA,NA,NA,NA
"X0.124",NA,NA,NA,NA,NA,NA,NA,NA,NA,NA
"X0.125",NA,NA,NA,NA,NA,NA,NA,NA,NA,NA
"X0.126",NA,NA,NA,NA,NA,NA,NA,NA,NA,NA
"X0.127",NA,NA,NA,NA,NA,NA,NA,NA,NA,NA
"X0.128",NA,NA,NA,NA,NA,NA,NA,NA,NA,NA
"X0.129",NA,NA,NA,NA,NA,NA,NA,NA,NA,NA
"X0.130",NA,NA,NA,NA,NA,NA,NA,NA,NA,NA
"X0.131",NA,NA,NA,NA,NA,NA,NA,NA,NA,NA
"X0.132",NA,NA,NA,NA,NA,NA,NA,NA,NA,NA
"X0.133",NA,NA,NA,NA,NA,NA,NA,NA,NA,NA
"X0.134",NA,NA,NA,NA,NA,NA,NA,NA,NA,NA
"X0.135",NA,NA,NA,NA,NA,NA,NA,NA,NA,NA
"X0.136",NA,NA,NA,NA,NA,NA,NA,NA,NA,NA
"X0.137",NA,NA,NA,NA,NA,NA,NA,NA,NA,NA
"X0.138",NA,NA,NA,NA,NA,NA,NA,NA,NA,NA
"X0.139",NA,NA,NA,NA,NA,NA,NA,NA,NA,NA
"X0.140",NA,NA,NA,NA,NA,NA,NA,NA,NA,NA
"X0.141",NA,NA,NA,NA,NA,NA,NA,NA,NA,NA
"X0.142",NA,NA,NA,NA,NA,NA,NA,NA,NA,NA
"X0.143",NA,NA,NA,NA,NA,NA,NA,NA,NA,NA
"X0.144",NA,NA,NA,NA,NA,NA,NA,NA,NA,NA
"X0.145",NA,NA,NA,NA,NA,NA,NA,NA,NA,NA
"X0.146",NA,NA,NA,NA,NA,NA,NA,NA,NA,NA
"X0.147",NA,NA,NA,NA,NA,NA,NA,NA,NA,NA
"X0.148",NA,NA,NA,NA,NA,NA,NA,NA,NA,NA
"X0.149",NA,NA,NA,NA,NA,NA,NA,NA,NA,NA
"X0.150",NA,NA,NA,NA,NA,NA,NA,NA,NA,NA
"X0.151",NA,NA,NA,NA,NA,NA,NA,NA,NA,NA
"X3",NA,NA,NA,NA,NA,NA,NA,NA,NA,NA
"X18",NA,NA,NA,NA,NA,NA,NA,NA,NA,NA
"X18.1",NA,NA,NA,NA,NA,NA,NA,NA,NA,NA
"X18.2",NA,NA,NA,NA,NA,NA,NA,NA,NA,NA
"X126",NA,NA,NA,NA,NA,NA,NA,NA,NA,NA
"X136",NA,NA,NA,NA,NA,NA,NA,NA,NA,NA
"X175",NA,NA,NA,NA,NA,NA,NA,NA,NA,NA
"X26",NA,NA,NA,NA,NA,NA,NA,NA,NA,NA
"X166",NA,NA,NA,NA,NA,NA,NA,NA,NA,NA
"X255",NA,NA,NA,NA,NA,NA,NA,NA,NA,NA
"X247",NA,NA,NA,NA,NA,NA,NA,NA,NA,NA
"X127",NA,NA,NA,NA,NA,NA,NA,NA,NA,NA
"X0.152",NA,NA,NA,NA,NA,NA,NA,NA,NA,NA
"X0.153",NA,NA,NA,NA,NA,NA,NA,NA,NA,NA
"X0.154",NA,NA,NA,NA,NA,NA,NA,NA,NA,NA
"X0.155",NA,NA,NA,NA,NA,NA,NA,NA,NA,NA
"X0.156",NA,NA,NA,NA,NA,NA,NA,NA,NA,NA
"X0.157",NA,NA,NA,NA,NA,NA,NA,NA,NA,NA
"X0.158",NA,NA,NA,NA,NA,NA,NA,NA,NA,NA
"X0.159",NA,NA,NA,NA,NA,NA,NA,NA,NA,NA
"X0.160",NA,NA,NA,NA,NA,NA,NA,NA,NA,NA
"X0.161",NA,NA,NA,NA,NA,NA,NA,NA,NA,NA
"X0.162",NA,NA,NA,NA,NA,NA,NA,NA,NA,NA
"X0.163",NA,NA,NA,NA,NA,NA,NA,NA,NA,NA
"X30",NA,NA,NA,NA,NA,NA,NA,NA,NA,NA
"X36",NA,NA,NA,NA,NA,NA,NA,NA,NA,NA
"X94",NA,NA,NA,NA,NA,NA,NA,NA,NA,NA
"X154",NA,NA,NA,NA,NA,NA,NA,NA,NA,NA
"X170",NA,NA,NA,NA,NA,NA,NA,NA,NA,NA
"X253",NA,NA,NA,NA,NA,NA,NA,NA,NA,NA
"X253.1",NA,NA,NA,NA,NA,NA,NA,NA,NA,NA
"X253.2",NA,NA,NA,NA,NA,NA,NA,NA,NA,NA
"X253.3",NA,NA,NA,NA,NA,NA,NA,NA,NA,NA
"X253.4",NA,NA,NA,NA,NA,NA,NA,NA,NA,NA
"X225",NA,NA,NA,NA,NA,NA,NA,NA,NA,NA
"X172",NA,NA,NA,NA,NA,NA,NA,NA,NA,NA
"X253.5",NA,NA,NA,NA,NA,NA,NA,NA,NA,NA
"X242",NA,NA,NA,NA,NA,NA,NA,NA,NA,NA
"X195",NA,NA,NA,NA,NA,NA,NA,NA,NA,NA
"X64",NA,NA,NA,NA,NA,NA,NA,NA,NA,NA
"X0.164",NA,NA,NA,NA,NA,NA,NA,NA,NA,NA
"X0.165",NA,NA,NA,NA,NA,NA,NA,NA,NA,NA
"X0.166",NA,NA,NA,NA,NA,NA,NA,NA,NA,NA
"X0.167",NA,NA,NA,NA,NA,NA,NA,NA,NA,NA
"X0.168",NA,NA,NA,NA,NA,NA,NA,NA,NA,NA
"X0.169",NA,NA,NA,NA,NA,NA,NA,NA,NA,NA
"X0.170",NA,NA,NA,NA,NA,NA,NA,NA,NA,NA
"X0.171",NA,NA,NA,NA,NA,NA,NA,NA,NA,NA
"X0.172",NA,NA,NA,NA,NA,NA,NA,NA,NA,NA
"X0.173",NA,NA,NA,NA,NA,NA,NA,NA,NA,NA
"X0.174",NA,NA,NA,NA,NA,NA,NA,NA,NA,NA
"X49",NA,NA,NA,NA,NA,NA,NA,NA,NA,NA
"X238",NA,NA,NA,NA,NA,NA,NA,NA,NA,NA
"X253.6",NA,NA,NA,NA,NA,NA,NA,NA,NA,NA
"X253.7",NA,NA,NA,NA,NA,NA,NA,NA,NA,NA
"X253.8",NA,NA,NA,NA,NA,NA,NA,NA,NA,NA
"X253.9",NA,NA,NA,NA,NA,NA,NA,NA,NA,NA
"X253.10",NA,NA,NA,NA,NA,NA,NA,NA,NA,NA
"X253.11",NA,NA,NA,NA,NA,NA,NA,NA,NA,NA
"X253.12",NA,NA,NA,NA,NA,NA,NA,NA,NA,NA
"X253.13",NA,NA,NA,NA,NA,NA,NA,NA,NA,NA
"X251",NA,NA,NA,NA,NA,NA,NA,NA,NA,NA
"X93",NA,NA,NA,NA,NA,NA,NA,NA,NA,NA
"X82",NA,NA,NA,NA,NA,NA,NA,NA,NA,NA
"X82.1",NA,NA,NA,NA,NA,NA,NA,NA,NA,NA
"X56",NA,NA,NA,NA,NA,NA,NA,NA,NA,NA
"X39",NA,NA,NA,NA,NA,NA,NA,NA,NA,NA
"X0.175",NA,NA,NA,NA,NA,NA,NA,NA,NA,NA
"X0.176",NA,NA,NA,NA,NA,NA,NA,NA,NA,NA
"X0.177",NA,NA,NA,NA,NA,NA,NA,NA,NA,NA
"X0.178",NA,NA,NA,NA,NA,NA,NA,NA,NA,NA
"X0.179",NA,NA,NA,NA,NA,NA,NA,NA,NA,NA
"X0.180",NA,NA,NA,NA,NA,NA,NA,NA,NA,NA
"X0.181",NA,NA,NA,NA,NA,NA,NA,NA,NA,NA
"X0.182",NA,NA,NA,NA,NA,NA,NA,NA,NA,NA
"X0.183",NA,NA,NA,NA,NA,NA,NA,NA,NA,NA
"X0.184",NA,NA,NA,NA,NA,NA,NA,NA,NA,NA
"X0.185",NA,NA,NA,NA,NA,NA,NA,NA,NA,NA
"X0.186",NA,NA,NA,NA,NA,NA,NA,NA,NA,NA
"X18.3",NA,NA,NA,NA,NA,NA,NA,NA,NA,NA
"X219",NA,NA,NA,NA,NA,NA,NA,NA,NA,NA
"X253.14",NA,NA,NA,NA,NA,NA,NA,NA,NA,NA
"X253.15",NA,NA,NA,NA,NA,NA,NA,NA,NA,NA
"X253.16",NA,NA,NA,NA,NA,NA,NA,NA,NA,NA
"X253.17",NA,NA,NA,NA,NA,NA,NA,NA,NA,NA
"X253.18",NA,NA,NA,NA,NA,NA,NA,NA,NA,NA
"X198",NA,NA,NA,NA,NA,NA,NA,NA,NA,NA
"X182",NA,NA,NA,NA,NA,NA,NA,NA,NA,NA
"X247.1",NA,NA,NA,NA,NA,NA,NA,NA,NA,NA
"X241",NA,NA,NA,NA,NA,NA,NA,NA,NA,NA
"X0.187",NA,NA,NA,NA,NA,NA,NA,NA,NA,NA
"X0.188",NA,NA,NA,NA,NA,NA,NA,NA,NA,NA
"X0.189",NA,NA,NA,NA,NA,NA,NA,NA,NA,NA
"X0.190",NA,NA,NA,NA,NA,NA,NA,NA,NA,NA
"X0.191",NA,NA,NA,NA,NA,NA,NA,NA,NA,NA
"X0.192",NA,NA,NA,NA,NA,NA,NA,NA,NA,NA
"X0.193",NA,NA,NA,NA,NA,NA,NA,NA,NA,NA
"X0.194",NA,NA,NA,NA,NA,NA,NA,NA,NA,NA
"X0.195",NA,NA,NA,NA,NA,NA,NA,NA,NA,NA
"X0.196",NA,NA,NA,NA,NA,NA,NA,NA,NA,NA
"X0.197",NA,NA,NA,NA,NA,NA,NA,NA,NA,NA
"X0.198",NA,NA,NA,NA,NA,NA,NA,NA,NA,NA
"X0.199",NA,NA,NA,NA,NA,NA,NA,NA,NA,NA
"X0.200",NA,NA,NA,NA,NA,NA,NA,NA,NA,NA
"X0.201",NA,NA,NA,NA,NA,NA,NA,NA,NA,NA
"X0.202",NA,NA,NA,NA,NA,NA,NA,NA,NA,NA
"X0.203",NA,NA,NA,NA,NA,NA,NA,NA,NA,NA
"X0.204",NA,NA,NA,NA,NA,NA,NA,NA,NA,NA
"X80",NA,NA,NA,NA,NA,NA,NA,NA,NA,NA
"X156",NA,NA,NA,NA,NA,NA,NA,NA,NA,NA
"X107",NA,NA,NA,NA,NA,NA,NA,NA,NA,NA
"X253.19",NA,NA,NA,NA,NA,NA,NA,NA,NA,NA
"X253.20",NA,NA,NA,NA,NA,NA,NA,NA,NA,NA
"X205",NA,NA,NA,NA,NA,NA,NA,NA,NA,NA
"X11",NA,NA,NA,NA,NA,NA,NA,NA,NA,NA
"X0.205",NA,NA,NA,NA,NA,NA,NA,NA,NA,NA
"X43",NA,NA,NA,NA,NA,NA,NA,NA,NA,NA
"X154.1",NA,NA,NA,NA,NA,NA,NA,NA,NA,NA
"X0.206",NA,NA,NA,NA,NA,NA,NA,NA,NA,NA
"X0.207",NA,NA,NA,NA,NA,NA,NA,NA,NA,NA
"X0.208",NA,NA,NA,NA,NA,NA,NA,NA,NA,NA
"X0.209",NA,NA,NA,NA,NA,NA,NA,NA,NA,NA
"X0.210",NA,NA,NA,NA,NA,NA,NA,NA,NA,NA
"X0.211",NA,NA,NA,NA,NA,NA,NA,NA,NA,NA
"X0.212",NA,NA,NA,NA,NA,NA,NA,NA,NA,NA
"X0.213",NA,NA,NA,NA,NA,NA,NA,NA,NA,NA
"X0.214",NA,NA,NA,NA,NA,NA,NA,NA,NA,NA
"X0.215",NA,NA,NA,NA,NA,NA,NA,NA,NA,NA
"X0.216",NA,NA,NA,NA,NA,NA,NA,NA,NA,NA
"X0.217",NA,NA,NA,NA,NA,NA,NA,NA,NA,NA
"X0.218",NA,NA,NA,NA,NA,NA,NA,NA,NA,NA
"X0.219",NA,NA,NA,NA,NA,NA,NA,NA,NA,NA
"X0.220",NA,NA,NA,NA,NA,NA,NA,NA,NA,NA
"X0.221",NA,NA,NA,NA,NA,NA,NA,NA,NA,NA
"X0.222",NA,NA,NA,NA,NA,NA,NA,NA,NA,NA
"X0.223",NA,NA,NA,NA,NA,NA,NA,NA,NA,NA
"X0.224",NA,NA,NA,NA,NA,NA,NA,NA,NA,NA
"X14",NA,NA,NA,NA,NA,NA,NA,NA,NA,NA
"X1",NA,NA,NA,NA,NA,NA,NA,NA,NA,NA
"X154.2",NA,NA,NA,NA,NA,NA,NA,NA,NA,NA
"X253.21",NA,NA,NA,NA,NA,NA,NA,NA,NA,NA
"X90",NA,NA,NA,NA,NA,NA,NA,NA,NA,NA
"X0.225",NA,NA,NA,NA,NA,NA,NA,NA,NA,NA
"X0.226",NA,NA,NA,NA,NA,NA,NA,NA,NA,NA
"X0.227",NA,NA,NA,NA,NA,NA,NA,NA,NA,NA
"X0.228",NA,NA,NA,NA,NA,NA,NA,NA,NA,NA
"X0.229",NA,NA,NA,NA,NA,NA,NA,NA,NA,NA
"X0.230",NA,NA,NA,NA,NA,NA,NA,NA,NA,NA
"X0.231",NA,NA,NA,NA,NA,NA,NA,NA,NA,NA
"X0.232",NA,NA,NA,NA,NA,NA,NA,NA,NA,NA
"X0.233",NA,NA,NA,NA,NA,NA,NA,NA,NA,NA
"X0.234",NA,NA,NA,NA,NA,NA,NA,NA,NA,NA
"X0.235",NA,NA,NA,NA,NA,NA,NA,NA,NA,NA
"X0.236",NA,NA,NA,NA,NA,NA,NA,NA,NA,NA
"X0.237",NA,NA,NA,NA,NA,NA,NA,NA,NA,NA
"X0.238",NA,NA,NA,NA,NA,NA,NA,NA,NA,NA
"X0.239",NA,NA,NA,NA,NA,NA,NA,NA,NA,NA
"X0.240",NA,NA,NA,NA,NA,NA,NA,NA,NA,NA
"X0.241",NA,NA,NA,NA,NA,NA,NA,NA,NA,NA
"X0.242",NA,NA,NA,NA,NA,NA,NA,NA,NA,NA
"X0.243",NA,NA,NA,NA,NA,NA,NA,NA,NA,NA
"X0.244",NA,NA,NA,NA,NA,NA,NA,NA,NA,NA
"X0.245",NA,NA,NA,NA,NA,NA,NA,NA,NA,NA
"X0.246",NA,NA,NA,NA,NA,NA,NA,NA,NA,NA
"X0.247",NA,NA,NA,NA,NA,NA,NA,NA,NA,NA
"X0.248",NA,NA,NA,NA,NA,NA,NA,NA,NA,NA
"X0.249",NA,NA,NA,NA,NA,NA,NA,NA,NA,NA
"X139",NA,NA,NA,NA,NA,NA,NA,NA,NA,NA
"X253.22",NA,NA,NA,NA,NA,NA,NA,NA,NA,NA
"X190",NA,NA,NA,NA,NA,NA,NA,NA,NA,NA
"X2",NA,NA,NA,NA,NA,NA,NA,NA,NA,NA
"X0.250",NA,NA,NA,NA,NA,NA,NA,NA,NA,NA
"X0.251",NA,NA,NA,NA,NA,NA,NA,NA,NA,NA
"X0.252",NA,NA,NA,NA,NA,NA,NA,NA,NA,NA
"X0.253",NA,NA,NA,NA,NA,NA,NA,NA,NA,NA
"X0.254",NA,NA,NA,NA,NA,NA,NA,NA,NA,NA
"X0.255",NA,NA,NA,NA,NA,NA,NA,NA,NA,NA
"X0.256",NA,NA,NA,NA,NA,NA,NA,NA,NA,NA
"X0.257",NA,NA,NA,NA,NA,NA,NA,NA,NA,NA
"X0.258",NA,NA,NA,NA,NA,NA,NA,NA,NA,NA
"X0.259",NA,NA,NA,NA,NA,NA,NA,NA,NA,NA
"X0.260",NA,NA,NA,NA,NA,NA,NA,NA,NA,NA
"X0.261",NA,NA,NA,NA,NA,NA,NA,NA,NA,NA
"X0.262",NA,NA,NA,NA,NA,NA,NA,NA,NA,NA
"X0.263",NA,NA,NA,NA,NA,NA,NA,NA,NA,NA
"X0.264",NA,NA,NA,NA,NA,NA,NA,NA,NA,NA
"X0.265",NA,NA,NA,NA,NA,NA,NA,NA,NA,NA
"X0.266",NA,NA,NA,NA,NA,NA,NA,NA,NA,NA
"X0.267",NA,NA,NA,NA,NA,NA,NA,NA,NA,NA
"X0.268",NA,NA,NA,NA,NA,NA,NA,NA,NA,NA
"X0.269",NA,NA,NA,NA,NA,NA,NA,NA,NA,NA
"X0.270",NA,NA,NA,NA,NA,NA,NA,NA,NA,NA
"X0.271",NA,NA,NA,NA,NA,NA,NA,NA,NA,NA
"X0.272",NA,NA,NA,NA,NA,NA,NA,NA,NA,NA
"X0.273",NA,NA,NA,NA,NA,NA,NA,NA,NA,NA
"X11.1",NA,NA,NA,NA,NA,NA,NA,NA,NA,NA
"X190.1",NA,NA,NA,NA,NA,NA,NA,NA,NA,NA
"X253.23",NA,NA,NA,NA,NA,NA,NA,NA,NA,NA
"X70",NA,NA,NA,NA,NA,NA,NA,NA,NA,NA
"X0.274",NA,NA,NA,NA,NA,NA,NA,NA,NA,NA
"X0.275",NA,NA,NA,NA,NA,NA,NA,NA,NA,NA
"X0.276",NA,NA,NA,NA,NA,NA,NA,NA,NA,NA
"X0.277",NA,NA,NA,NA,NA,NA,NA,NA,NA,NA
"X0.278",NA,NA,NA,NA,NA,NA,NA,NA,NA,NA
"X0.279",NA,NA,NA,NA,NA,NA,NA,NA,NA,NA
"X0.280",NA,NA,NA,NA,NA,NA,NA,NA,NA,NA
"X0.281",NA,NA,NA,NA,NA,NA,NA,NA,NA,NA
"X0.282",NA,NA,NA,NA,NA,NA,NA,NA,NA,NA
"X0.283",NA,NA,NA,NA,NA,NA,NA,NA,NA,NA
"X0.284",NA,NA,NA,NA,NA,NA,NA,NA,NA,NA
"X0.285",NA,NA,NA,NA,NA,NA,NA,NA,NA,NA
"X0.286",NA,NA,NA,NA,NA,NA,NA,NA,NA,NA
"X0.287",NA,NA,NA,NA,NA,NA,NA,NA,NA,NA
"X0.288",NA,NA,NA,NA,NA,NA,NA,NA,NA,NA
"X0.289",NA,NA,NA,NA,NA,NA,NA,NA,NA,NA
"X0.290",NA,NA,NA,NA,NA,NA,NA,NA,NA,NA
"X0.291",NA,NA,NA,NA,NA,NA,NA,NA,NA,NA
"X0.292",NA,NA,NA,NA,NA,NA,NA,NA,NA,NA
"X0.293",NA,NA,NA,NA,NA,NA,NA,NA,NA,NA
"X0.294",NA,NA,NA,NA,NA,NA,NA,NA,NA,NA
"X0.295",NA,NA,NA,NA,NA,NA,NA,NA,NA,NA
"X0.296",NA,NA,NA,NA,NA,NA,NA,NA,NA,NA
"X0.297",NA,NA,NA,NA,NA,NA,NA,NA,NA,NA
"X0.298",NA,NA,NA,NA,NA,NA,NA,NA,NA,NA
"X35",NA,NA,NA,NA,NA,NA,NA,NA,NA,NA
"X241.1",NA,NA,NA,NA,NA,NA,NA,NA,NA,NA
"X225.1",NA,NA,NA,NA,NA,NA,NA,NA,NA,NA
"X160",NA,NA,NA,NA,NA,NA,NA,NA,NA,NA
"X108",NA,NA,NA,NA,NA,NA,NA,NA,NA,NA
"X1.1",NA,NA,NA,NA,NA,NA,NA,NA,NA,NA
"X0.299",NA,NA,NA,NA,NA,NA,NA,NA,NA,NA
"X0.300",NA,NA,NA,NA,NA,NA,NA,NA,NA,NA
"X0.301",NA,NA,NA,NA,NA,NA,NA,NA,NA,NA
"X0.302",NA,NA,NA,NA,NA,NA,NA,NA,NA,NA
"X0.303",NA,NA,NA,NA,NA,NA,NA,NA,NA,NA
"X0.304",NA,NA,NA,NA,NA,NA,NA,NA,NA,NA
"X0.305",NA,NA,NA,NA,NA,NA,NA,NA,NA,NA
"X0.306",NA,NA,NA,NA,NA,NA,NA,NA,NA,NA
"X0.307",NA,NA,NA,NA,NA,NA,NA,NA,NA,NA
"X0.308",NA,NA,NA,NA,NA,NA,NA,NA,NA,NA
"X0.309",NA,NA,NA,NA,NA,NA,NA,NA,NA,NA
"X0.310",NA,NA,NA,NA,NA,NA,NA,NA,NA,NA
"X0.311",NA,NA,NA,NA,NA,NA,NA,NA,NA,NA
"X0.312",NA,NA,NA,NA,NA,NA,NA,NA,NA,NA
"X0.313",NA,NA,NA,NA,NA,NA,NA,NA,NA,NA
"X0.314",NA,NA,NA,NA,NA,NA,NA,NA,NA,NA
"X0.315",NA,NA,NA,NA,NA,NA,NA,NA,NA,NA
"X0.316",NA,NA,NA,NA,NA,NA,NA,NA,NA,NA
"X0.317",NA,NA,NA,NA,NA,NA,NA,NA,NA,NA
"X0.318",NA,NA,NA,NA,NA,NA,NA,NA,NA,NA
"X0.319",NA,NA,NA,NA,NA,NA,NA,NA,NA,NA
"X0.320",NA,NA,NA,NA,NA,NA,NA,NA,NA,NA
"X0.321",NA,NA,NA,NA,NA,NA,NA,NA,NA,NA
"X81",NA,NA,NA,NA,NA,NA,NA,NA,NA,NA
"X240",NA,NA,NA,NA,NA,NA,NA,NA,NA,NA
"X253.24",NA,NA,NA,NA,NA,NA,NA,NA,NA,NA
"X253.25",NA,NA,NA,NA,NA,NA,NA,NA,NA,NA
"X119",NA,NA,NA,NA,NA,NA,NA,NA,NA,NA
"X25",NA,NA,NA,NA,NA,NA,NA,NA,NA,NA
"X0.322",NA,NA,NA,NA,NA,NA,NA,NA,NA,NA
"X0.323",NA,NA,NA,NA,NA,NA,NA,NA,NA,NA
"X0.324",NA,NA,NA,NA,NA,NA,NA,NA,NA,NA
"X0.325",NA,NA,NA,NA,NA,NA,NA,NA,NA,NA
"X0.326",NA,NA,NA,NA,NA,NA,NA,NA,NA,NA
"X0.327",NA,NA,NA,NA,NA,NA,NA,NA,NA,NA
"X0.328",NA,NA,NA,NA,NA,NA,NA,NA,NA,NA
"X0.329",NA,NA,NA,NA,NA,NA,NA,NA,NA,NA
"X0.330",NA,NA,NA,NA,NA,NA,NA,NA,NA,NA
"X0.331",NA,NA,NA,NA,NA,NA,NA,NA,NA,NA
"X0.332",NA,NA,NA,NA,NA,NA,NA,NA,NA,NA
"X0.333",NA,NA,NA,NA,NA,NA,NA,NA,NA,NA
"X0.334",NA,NA,NA,NA,NA,NA,NA,NA,NA,NA
"X0.335",NA,NA,NA,NA,NA,NA,NA,NA,NA,NA
"X0.336",NA,NA,NA,NA,NA,NA,NA,NA,NA,NA
"X0.337",NA,NA,NA,NA,NA,NA,NA,NA,NA,NA
"X0.338",NA,NA,NA,NA,NA,NA,NA,NA,NA,NA
"X0.339",NA,NA,NA,NA,NA,NA,NA,NA,NA,NA
"X0.340",NA,NA,NA,NA,NA,NA,NA,NA,NA,NA
"X0.341",NA,NA,NA,NA,NA,NA,NA,NA,NA,NA
"X0.342",NA,NA,NA,NA,NA,NA,NA,NA,NA,NA
"X0.343",NA,NA,NA,NA,NA,NA,NA,NA,NA,NA
"X0.344",NA,NA,NA,NA,NA,NA,NA,NA,NA,NA
"X45",NA,NA,NA,NA,NA,NA,NA,NA,NA,NA
"X186",NA,NA,NA,NA,NA,NA,NA,NA,NA,NA
"X253.26",NA,NA,NA,NA,NA,NA,NA,NA,NA,NA
"X253.27",NA,NA,NA,NA,NA,NA,NA,NA,NA,NA
"X150",NA,NA,NA,NA,NA,NA,NA,NA,NA,NA
"X27",NA,NA,NA,NA,NA,NA,NA,NA,NA,NA
"X0.345",NA,NA,NA,NA,NA,NA,NA,NA,NA,NA
"X0.346",NA,NA,NA,NA,NA,NA,NA,NA,NA,NA
"X0.347",NA,NA,NA,NA,NA,NA,NA,NA,NA,NA
"X0.348",NA,NA,NA,NA,NA,NA,NA,NA,NA,NA
"X0.349",NA,NA,NA,NA,NA,NA,NA,NA,NA,NA
"X0.350",NA,NA,NA,NA,NA,NA,NA,NA,NA,NA
"X0.351",NA,NA,NA,NA,NA,NA,NA,NA,NA,NA
"X0.352",NA,NA,NA,NA,NA,NA,NA,NA,NA,NA
"X0.353",NA,NA,NA,NA,NA,NA,NA,NA,NA,NA
"X0.354",NA,NA,NA,NA,NA,NA,NA,NA,NA,NA
"X0.355",NA,NA,NA,NA,NA,NA,NA,NA,NA,NA
"X0.356",NA,NA,NA,NA,NA,NA,NA,NA,NA,NA
"X0.357",NA,NA,NA,NA,NA,NA,NA,NA,NA,NA
"X0.358",NA,NA,NA,NA,NA,NA,NA,NA,NA,NA
"X0.359",NA,NA,NA,NA,NA,NA,NA,NA,NA,NA
"X0.360",NA,NA,NA,NA,NA,NA,NA,NA,NA,NA
"X0.361",NA,NA,NA,NA,NA,NA,NA,NA,NA,NA
"X0.362",NA,NA,NA,NA,NA,NA,NA,NA,NA,NA
"X0.363",NA,NA,NA,NA,NA,NA,NA,NA,NA,NA
"X0.364",NA,NA,NA,NA,NA,NA,NA,NA,NA,NA
"X0.365",NA,NA,NA,NA,NA,NA,NA,NA,NA,NA
"X0.366",NA,NA,NA,NA,NA,NA,NA,NA,NA,NA
"X0.367",NA,NA,NA,NA,NA,NA,NA,NA,NA,NA
"X16",NA,NA,NA,NA,NA,NA,NA,NA,NA,NA
"X93.1",NA,NA,NA,NA,NA,NA,NA,NA,NA,NA
"X252",NA,NA,NA,NA,NA,NA,NA,NA,NA,NA
"X253.28",NA,NA,NA,NA,NA,NA,NA,NA,NA,NA
"X187",NA,NA,NA,NA,NA,NA,NA,NA,NA,NA
"X0.368",NA,NA,NA,NA,NA,NA,NA,NA,NA,NA
"X0.369",NA,NA,NA,NA,NA,NA,NA,NA,NA,NA
"X0.370",NA,NA,NA,NA,NA,NA,NA,NA,NA,NA
"X0.371",NA,NA,NA,NA,NA,NA,NA,NA,NA,NA
"X0.372",NA,NA,NA,NA,NA,NA,NA,NA,NA,NA
"X0.373",NA,NA,NA,NA,NA,NA,NA,NA,NA,NA
"X0.374",NA,NA,NA,NA,NA,NA,NA,NA,NA,NA
"X0.375",NA,NA,NA,NA,NA,NA,NA,NA,NA,NA
"X0.376",NA,NA,NA,NA,NA,NA,NA,NA,NA,NA
"X0.377",NA,NA,NA,NA,NA,NA,NA,NA,NA,NA
"X0.378",NA,NA,NA,NA,NA,NA,NA,NA,NA,NA
"X0.379",NA,NA,NA,NA,NA,NA,NA,NA,NA,NA
"X0.380",NA,NA,NA,NA,NA,NA,NA,NA,NA,NA
"X0.381",NA,NA,NA,NA,NA,NA,NA,NA,NA,NA
"X0.382",NA,NA,NA,NA,NA,NA,NA,NA,NA,NA
"X0.383",NA,NA,NA,NA,NA,NA,NA,NA,NA,NA
"X0.384",NA,NA,NA,NA,NA,NA,NA,NA,NA,NA
"X0.385",NA,NA,NA,NA,NA,NA,NA,NA,NA,NA
"X0.386",NA,NA,NA,NA,NA,NA,NA,NA,NA,NA
"X0.387",NA,NA,NA,NA,NA,NA,NA,NA,NA,NA
"X0.388",NA,NA,NA,NA,NA,NA,NA,NA,NA,NA
"X0.389",NA,NA,NA,NA,NA,NA,NA,NA,NA,NA
"X0.390",NA,NA,NA,NA,NA,NA,NA,NA,NA,NA
"X0.391",NA,NA,NA,NA,NA,NA,NA,NA,NA,NA
"X0.392",NA,NA,NA,NA,NA,NA,NA,NA,NA,NA
"X249",NA,NA,NA,NA,NA,NA,NA,NA,NA,NA
"X253.29",NA,NA,NA,NA,NA,NA,NA,NA,NA,NA
"X249.1",NA,NA,NA,NA,NA,NA,NA,NA,NA,NA
"X64.1",NA,NA,NA,NA,NA,NA,NA,NA,NA,NA
"X0.393",NA,NA,NA,NA,NA,NA,NA,NA,NA,NA
"X0.394",NA,NA,NA,NA,NA,NA,NA,NA,NA,NA
"X0.395",NA,NA,NA,NA,NA,NA,NA,NA,NA,NA
"X0.396",NA,NA,NA,NA,NA,NA,NA,NA,NA,NA
"X0.397",NA,NA,NA,NA,NA,NA,NA,NA,NA,NA
"X0.398",NA,NA,NA,NA,NA,NA,NA,NA,NA,NA
"X0.399",NA,NA,NA,NA,NA,NA,NA,NA,NA,NA
"X0.400",NA,NA,NA,NA,NA,NA,NA,NA,NA,NA
"X0.401",NA,NA,NA,NA,NA,NA,NA,NA,NA,NA
"X0.402",NA,NA,NA,NA,NA,NA,NA,NA,NA,NA
"X0.403",NA,NA,NA,NA,NA,NA,NA,NA,NA,NA
"X0.404",NA,NA,NA,NA,NA,NA,NA,NA,NA,NA
"X0.405",NA,NA,NA,NA,NA,NA,NA,NA,NA,NA
"X0.406",NA,NA,NA,NA,NA,NA,NA,NA,NA,NA
"X0.407",NA,NA,NA,NA,NA,NA,NA,NA,NA,NA
"X0.408",NA,NA,NA,NA,NA,NA,NA,NA,NA,NA
"X0.409",NA,NA,NA,NA,NA,NA,NA,NA,NA,NA
"X0.410",NA,NA,NA,NA,NA,NA,NA,NA,NA,NA
"X0.411",NA,NA,NA,NA,NA,NA,NA,NA,NA,NA
"X0.412",NA,NA,NA,NA,NA,NA,NA,NA,NA,NA
"X0.413",NA,NA,NA,NA,NA,NA,NA,NA,NA,NA
"X46",NA,NA,NA,NA,NA,NA,NA,NA,NA,NA
"X130",NA,NA,NA,NA,NA,NA,NA,NA,NA,NA
"X183",NA,NA,NA,NA,NA,NA,NA,NA,NA,NA
"X253.30",NA,NA,NA,NA,NA,NA,NA,NA,NA,NA
"X253.31",NA,NA,NA,NA,NA,NA,NA,NA,NA,NA
"X207",NA,NA,NA,NA,NA,NA,NA,NA,NA,NA
"X2.1",NA,NA,NA,NA,NA,NA,NA,NA,NA,NA
"X0.414",NA,NA,NA,NA,NA,NA,NA,NA,NA,NA
"X0.415",NA,NA,NA,NA,NA,NA,NA,NA,NA,NA
"X0.416",NA,NA,NA,NA,NA,NA,NA,NA,NA,NA
"X0.417",NA,NA,NA,NA,NA,NA,NA,NA,NA,NA
"X0.418",NA,NA,NA,NA,NA,NA,NA,NA,NA,NA
"X0.419",NA,NA,NA,NA,NA,NA,NA,NA,NA,NA
"X0.420",NA,NA,NA,NA,NA,NA,NA,NA,NA,NA
"X0.421",NA,NA,NA,NA,NA,NA,NA,NA,NA,NA
"X0.422",NA,NA,NA,NA,NA,NA,NA,NA,NA,NA
"X0.423",NA,NA,NA,NA,NA,NA,NA,NA,NA,NA
"X0.424",NA,NA,NA,NA,NA,NA,NA,NA,NA,NA
"X0.425",NA,NA,NA,NA,NA,NA,NA,NA,NA,NA
"X0.426",NA,NA,NA,NA,NA,NA,NA,NA,NA,NA
"X0.427",NA,NA,NA,NA,NA,NA,NA,NA,NA,NA
"X0.428",NA,NA,NA,NA,NA,NA,NA,NA,NA,NA
"X0.429",NA,NA,NA,NA,NA,NA,NA,NA,NA,NA
"X0.430",NA,NA,NA,NA,NA,NA,NA,NA,NA,NA
"X0.431",NA,NA,NA,NA,NA,NA,NA,NA,NA,NA
"X0.432",NA,NA,NA,NA,NA,NA,NA,NA,NA,NA
"X39.1",NA,NA,NA,NA,NA,NA,NA,NA,NA,NA
"X148",NA,NA,NA,NA,NA,NA,NA,NA,NA,NA
"X229",NA,NA,NA,NA,NA,NA,NA,NA,NA,NA
"X253.32",NA,NA,NA,NA,NA,NA,NA,NA,NA,NA
"X253.33",NA,NA,NA,NA,NA,NA,NA,NA,NA,NA
"X253.34",NA,NA,NA,NA,NA,NA,NA,NA,NA,NA
"X250",NA,NA,NA,NA,NA,NA,NA,NA,NA,NA
"X182.1",NA,NA,NA,NA,NA,NA,NA,NA,NA,NA
"X0.433",NA,NA,NA,NA,NA,NA,NA,NA,NA,NA
"X0.434",NA,NA,NA,NA,NA,NA,NA,NA,NA,NA
"X0.435",NA,NA,NA,NA,NA,NA,NA,NA,NA,NA
"X0.436",NA,NA,NA,NA,NA,NA,NA,NA,NA,NA
"X0.437",NA,NA,NA,NA,NA,NA,NA,NA,NA,NA
"X0.438",NA,NA,NA,NA,NA,NA,NA,NA,NA,NA
"X0.439",NA,NA,NA,NA,NA,NA,NA,NA,NA,NA
"X0.440",NA,NA,NA,NA,NA,NA,NA,NA,NA,NA
"X0.441",NA,NA,NA,NA,NA,NA,NA,NA,NA,NA
"X0.442",NA,NA,NA,NA,NA,NA,NA,NA,NA,NA
"X0.443",NA,NA,NA,NA,NA,NA,NA,NA,NA,NA
"X0.444",NA,NA,NA,NA,NA,NA,NA,NA,NA,NA
"X0.445",NA,NA,NA,NA,NA,NA,NA,NA,NA,NA
"X0.446",NA,NA,NA,NA,NA,NA,NA,NA,NA,NA
"X0.447",NA,NA,NA,NA,NA,NA,NA,NA,NA,NA
"X0.448",NA,NA,NA,NA,NA,NA,NA,NA,NA,NA
"X0.449",NA,NA,NA,NA,NA,NA,NA,NA,NA,NA
"X0.450",NA,NA,NA,NA,NA,NA,NA,NA,NA,NA
"X24",NA,NA,NA,NA,NA,NA,NA,NA,NA,NA
"X114",NA,NA,NA,NA,NA,NA,NA,NA,NA,NA
"X221",NA,NA,NA,NA,NA,NA,NA,NA,NA,NA
"X253.35",NA,NA,NA,NA,NA,NA,NA,NA,NA,NA
"X253.36",NA,NA,NA,NA,NA,NA,NA,NA,NA,NA
"X253.37",NA,NA,NA,NA,NA,NA,NA,NA,NA,NA
"X253.38",NA,NA,NA,NA,NA,NA,NA,NA,NA,NA
"X201",NA,NA,NA,NA,NA,NA,NA,NA,NA,NA
"X78",NA,NA,NA,NA,NA,NA,NA,NA,NA,NA
"X0.451",NA,NA,NA,NA,NA,NA,NA,NA,NA,NA
"X0.452",NA,NA,NA,NA,NA,NA,NA,NA,NA,NA
"X0.453",NA,NA,NA,NA,NA,NA,NA,NA,NA,NA
"X0.454",NA,NA,NA,NA,NA,NA,NA,NA,NA,NA
"X0.455",NA,NA,NA,NA,NA,NA,NA,NA,NA,NA
"X0.456",NA,NA,NA,NA,NA,NA,NA,NA,NA,NA
"X0.457",NA,NA,NA,NA,NA,NA,NA,NA,NA,NA
"X0.458",NA,NA,NA,NA,NA,NA,NA,NA,NA,NA
"X0.459",NA,NA,NA,NA,NA,NA,NA,NA,NA,NA
"X0.460",NA,NA,NA,NA,NA,NA,NA,NA,NA,NA
"X0.461",NA,NA,NA,NA,NA,NA,NA,NA,NA,NA
"X0.462",NA,NA,NA,NA,NA,NA,NA,NA,NA,NA
"X0.463",NA,NA,NA,NA,NA,NA,NA,NA,NA,NA
"X0.464",NA,NA,NA,NA,NA,NA,NA,NA,NA,NA
"X0.465",NA,NA,NA,NA,NA,NA,NA,NA,NA,NA
"X0.466",NA,NA,NA,NA,NA,NA,NA,NA,NA,NA
"X0.467",NA,NA,NA,NA,NA,NA,NA,NA,NA,NA
"X23",NA,NA,NA,NA,NA,NA,NA,NA,NA,NA
"X66",NA,NA,NA,NA,NA,NA,NA,NA,NA,NA
"X213",NA,NA,NA,NA,NA,NA,NA,NA,NA,NA
"X253.39",NA,NA,NA,NA,NA,NA,NA,NA,NA,NA
"X253.40",NA,NA,NA,NA,NA,NA,NA,NA,NA,NA
"X253.41",NA,NA,NA,NA,NA,NA,NA,NA,NA,NA
"X253.42",NA,NA,NA,NA,NA,NA,NA,NA,NA,NA
"X198.1",NA,NA,NA,NA,NA,NA,NA,NA,NA,NA
"X81.1",NA,NA,NA,NA,NA,NA,NA,NA,NA,NA
"X2.2",NA,NA,NA,NA,NA,NA,NA,NA,NA,NA
"X0.468",NA,NA,NA,NA,NA,NA,NA,NA,NA,NA
"X0.469",NA,NA,NA,NA,NA,NA,NA,NA,NA,NA
"X0.470",NA,NA,NA,NA,NA,NA,NA,NA,NA,NA
"X0.471",NA,NA,NA,NA,NA,NA,NA,NA,NA,NA
"X0.472",NA,NA,NA,NA,NA,NA,NA,NA,NA,NA
"X0.473",NA,NA,NA,NA,NA,NA,NA,NA,NA,NA
"X0.474",NA,NA,NA,NA,NA,NA,NA,NA,NA,NA
"X0.475",NA,NA,NA,NA,NA,NA,NA,NA,NA,NA
"X0.476",NA,NA,NA,NA,NA,NA,NA,NA,NA,NA
"X0.477",NA,NA,NA,NA,NA,NA,NA,NA,NA,NA
"X0.478",NA,NA,NA,NA,NA,NA,NA,NA,NA,NA
"X0.479",NA,NA,NA,NA,NA,NA,NA,NA,NA,NA
"X0.480",NA,NA,NA,NA,NA,NA,NA,NA,NA,NA
"X0.481",NA,NA,NA,NA,NA,NA,NA,NA,NA,NA
"X0.482",NA,NA,NA,NA,NA,NA,NA,NA,NA,NA
"X0.483",NA,NA,NA,NA,NA,NA,NA,NA,NA,NA
"X18.4",NA,NA,NA,NA,NA,NA,NA,NA,NA,NA
"X171",NA,NA,NA,NA,NA,NA,NA,NA,NA,NA
"X219.1",NA,NA,NA,NA,NA,NA,NA,NA,NA,NA
"X253.43",NA,NA,NA,NA,NA,NA,NA,NA,NA,NA
"X253.44",NA,NA,NA,NA,NA,NA,NA,NA,NA,NA
"X253.45",NA,NA,NA,NA,NA,NA,NA,NA,NA,NA
"X253.46",NA,NA,NA,NA,NA,NA,NA,NA,NA,NA
"X195.1",NA,NA,NA,NA,NA,NA,NA,NA,NA,NA
"X80.1",NA,NA,NA,NA,NA,NA,NA,NA,NA,NA
"X9",NA,NA,NA,NA,NA,NA,NA,NA,NA,NA
"X0.484",NA,NA,NA,NA,NA,NA,NA,NA,NA,NA
"X0.485",NA,NA,NA,NA,NA,NA,NA,NA,NA,NA
"X0.486",NA,NA,NA,NA,NA,NA,NA,NA,NA,NA
"X0.487",NA,NA,NA,NA,NA,NA,NA,NA,NA,NA
"X0.488",NA,NA,NA,NA,NA,NA,NA,NA,NA,NA
"X0.489",NA,NA,NA,NA,NA,NA,NA,NA,NA,NA
"X0.490",NA,NA,NA,NA,NA,NA,NA,NA,NA,NA
"X0.491",NA,NA,NA,NA,NA,NA,NA,NA,NA,NA
"X0.492",NA,NA,NA,NA,NA,NA,NA,NA,NA,NA
"X0.493",NA,NA,NA,NA,NA,NA,NA,NA,NA,NA
"X0.494",NA,NA,NA,NA,NA,NA,NA,NA,NA,NA
"X0.495",NA,NA,NA,NA,NA,NA,NA,NA,NA,NA
"X0.496",NA,NA,NA,NA,NA,NA,NA,NA,NA,NA
"X0.497",NA,NA,NA,NA,NA,NA,NA,NA,NA,NA
"X0.498",NA,NA,NA,NA,NA,NA,NA,NA,NA,NA
"X0.499",NA,NA,NA,NA,NA,NA,NA,NA,NA,NA
"X55",NA,NA,NA,NA,NA,NA,NA,NA,NA,NA
"X172.1",NA,NA,NA,NA,NA,NA,NA,NA,NA,NA
"X226",NA,NA,NA,NA,NA,NA,NA,NA,NA,NA
"X253.47",NA,NA,NA,NA,NA,NA,NA,NA,NA,NA
"X253.48",NA,NA,NA,NA,NA,NA,NA,NA,NA,NA
"X253.49",NA,NA,NA,NA,NA,NA,NA,NA,NA,NA
"X253.50",NA,NA,NA,NA,NA,NA,NA,NA,NA,NA
"X244",NA,NA,NA,NA,NA,NA,NA,NA,NA,NA
"X133",NA,NA,NA,NA,NA,NA,NA,NA,NA,NA
"X11.2",NA,NA,NA,NA,NA,NA,NA,NA,NA,NA
"X0.500",NA,NA,NA,NA,NA,NA,NA,NA,NA,NA
"X0.501",NA,NA,NA,NA,NA,NA,NA,NA,NA,NA
"X0.502",NA,NA,NA,NA,NA,NA,NA,NA,NA,NA
"X0.503",NA,NA,NA,NA,NA,NA,NA,NA,NA,NA
"X0.504",NA,NA,NA,NA,NA,NA,NA,NA,NA,NA
"X0.505",NA,NA,NA,NA,NA,NA,NA,NA,NA,NA
"X0.506",NA,NA,NA,NA,NA,NA,NA,NA,NA,NA
"X0.507",NA,NA,NA,NA,NA,NA,NA,NA,NA,NA
"X0.508",NA,NA,NA,NA,NA,NA,NA,NA,NA,NA
"X0.509",NA,NA,NA,NA,NA,NA,NA,NA,NA,NA
"X0.510",NA,NA,NA,NA,NA,NA,NA,NA,NA,NA
"X0.511",NA,NA,NA,NA,NA,NA,NA,NA,NA,NA
"X0.512",NA,NA,NA,NA,NA,NA,NA,NA,NA,NA
"X0.513",NA,NA,NA,NA,NA,NA,NA,NA,NA,NA
"X0.514",NA,NA,NA,NA,NA,NA,NA,NA,NA,NA
"X0.515",NA,NA,NA,NA,NA,NA,NA,NA,NA,NA
"X0.516",NA,NA,NA,NA,NA,NA,NA,NA,NA,NA
"X0.517",NA,NA,NA,NA,NA,NA,NA,NA,NA,NA
"X136.1",NA,NA,NA,NA,NA,NA,NA,NA,NA,NA
"X253.51",NA,NA,NA,NA,NA,NA,NA,NA,NA,NA
"X253.52",NA,NA,NA,NA,NA,NA,NA,NA,NA,NA
"X253.53",NA,NA,NA,NA,NA,NA,NA,NA,NA,NA
"X212",NA,NA,NA,NA,NA,NA,NA,NA,NA,NA
"X135",NA,NA,NA,NA,NA,NA,NA,NA,NA,NA
"X132",NA,NA,NA,NA,NA,NA,NA,NA,NA,NA
"X16.1",NA,NA,NA,NA,NA,NA,NA,NA,NA,NA
"X0.518",NA,NA,NA,NA,NA,NA,NA,NA,NA,NA
"X0.519",NA,NA,NA,NA,NA,NA,NA,NA,NA,NA
"X0.520",NA,NA,NA,NA,NA,NA,NA,NA,NA,NA
"X0.521",NA,NA,NA,NA,NA,NA,NA,NA,NA,NA
"X0.522",NA,NA,NA,NA,NA,NA,NA,NA,NA,NA
"X0.523",NA,NA,NA,NA,NA,NA,NA,NA,NA,NA
"X0.524",NA,NA,NA,NA,NA,NA,NA,NA,NA,NA
"X0.525",NA,NA,NA,NA,NA,NA,NA,NA,NA,NA
"X0.526",NA,NA,NA,NA,NA,NA,NA,NA,NA,NA
"X0.527",NA,NA,NA,NA,NA,NA,NA,NA,NA,NA
"X0.528",NA,NA,NA,NA,NA,NA,NA,NA,NA,NA
"X0.529",NA,NA,NA,NA,NA,NA,NA,NA,NA,NA
"X0.530",NA,NA,NA,NA,NA,NA,NA,NA,NA,NA
"X0.531",NA,NA,NA,NA,NA,NA,NA,NA,NA,NA
"X0.532",NA,NA,NA,NA,NA,NA,NA,NA,NA,NA
"X0.533",NA,NA,NA,NA,NA,NA,NA,NA,NA,NA
"X0.534",NA,NA,NA,NA,NA,NA,NA,NA,NA,NA
"X0.535",NA,NA,NA,NA,NA,NA,NA,NA,NA,NA
"X0.536",NA,NA,NA,NA,NA,NA,NA,NA,NA,NA
"X0.537",NA,NA,NA,NA,NA,NA,NA,NA,NA,NA
"X0.538",NA,NA,NA,NA,NA,NA,NA,NA,NA,NA
"X0.539",NA,NA,NA,NA,NA,NA,NA,NA,NA,NA
"X0.540",NA,NA,NA,NA,NA,NA,NA,NA,NA,NA
"X0.541",NA,NA,NA,NA,NA,NA,NA,NA,NA,NA
"X0.542",NA,NA,NA,NA,NA,NA,NA,NA,NA,NA
"X0.543",NA,NA,NA,NA,NA,NA,NA,NA,NA,NA
"X0.544",NA,NA,NA,NA,NA,NA,NA,NA,NA,NA
"X0.545",NA,NA,NA,NA,NA,NA,NA,NA,NA,NA
"X0.546",NA,NA,NA,NA,NA,NA,NA,NA,NA,NA
"X0.547",NA,NA,NA,NA,NA,NA,NA,NA,NA,NA
"X0.548",NA,NA,NA,NA,NA,NA,NA,NA,NA,NA
"X0.549",NA,NA,NA,NA,NA,NA,NA,NA,NA,NA
"X0.550",NA,NA,NA,NA,NA,NA,NA,NA,NA,NA
"X0.551",NA,NA,NA,NA,NA,NA,NA,NA,NA,NA
"X0.552",NA,NA,NA,NA,NA,NA,NA,NA,NA,NA
"X0.553",NA,NA,NA,NA,NA,NA,NA,NA,NA,NA
"X0.554",NA,NA,NA,NA,NA,NA,NA,NA,NA,NA
"X0.555",NA,NA,NA,NA,NA,NA,NA,NA,NA,NA
"X0.556",NA,NA,NA,NA,NA,NA,NA,NA,NA,NA
"X0.557",NA,NA,NA,NA,NA,NA,NA,NA,NA,NA
"X0.558",NA,NA,NA,NA,NA,NA,NA,NA,NA,NA
"X0.559",NA,NA,NA,NA,NA,NA,NA,NA,NA,NA
"X0.560",NA,NA,NA,NA,NA,NA,NA,NA,NA,NA
"X0.561",NA,NA,NA,NA,NA,NA,NA,NA,NA,NA
"X0.562",NA,NA,NA,NA,NA,NA,NA,NA,NA,NA
"X0.563",NA,NA,NA,NA,NA,NA,NA,NA,NA,NA
"X0.564",NA,NA,NA,NA,NA,NA,NA,NA,NA,NA
"X0.565",NA,NA,NA,NA,NA,NA,NA,NA,NA,NA
"X0.566",NA,NA,NA,NA,NA,NA,NA,NA,NA,NA
"X0.567",NA,NA,NA,NA,NA,NA,NA,NA,NA,NA
"X0.568",NA,NA,NA,NA,NA,NA,NA,NA,NA,NA
"X0.569",NA,NA,NA,NA,NA,NA,NA,NA,NA,NA
"X0.570",NA,NA,NA,NA,NA,NA,NA,NA,NA,NA
"X0.571",NA,NA,NA,NA,NA,NA,NA,NA,NA,NA
"X0.572",NA,NA,NA,NA,NA,NA,NA,NA,NA,NA
"X0.573",NA,NA,NA,NA,NA,NA,NA,NA,NA,NA
"X0.574",NA,NA,NA,NA,NA,NA,NA,NA,NA,NA
"X0.575",NA,NA,NA,NA,NA,NA,NA,NA,NA,NA
"X0.576",NA,NA,NA,NA,NA,NA,NA,NA,NA,NA
"X0.577",NA,NA,NA,NA,NA,NA,NA,NA,NA,NA
"X0.578",NA,NA,NA,NA,NA,NA,NA,NA,NA,NA
"X0.579",NA,NA,NA,NA,NA,NA,NA,NA,NA,NA
"X0.580",NA,NA,NA,NA,NA,NA,NA,NA,NA,NA
"X0.581",NA,NA,NA,NA,NA,NA,NA,NA,NA,NA
"X0.582",NA,NA,NA,NA,NA,NA,NA,NA,NA,NA
"X0.583",NA,NA,NA,NA,NA,NA,NA,NA,NA,NA
"X0.584",NA,NA,NA,NA,NA,NA,NA,NA,NA,NA
"X0.585",NA,NA,NA,NA,NA,NA,NA,NA,NA,NA
"X0.586",NA,NA,NA,NA,NA,NA,NA,NA,NA,NA
"X0.587",NA,NA,NA,NA,NA,NA,NA,NA,NA,NA
"X0.588",NA,NA,NA,NA,NA,NA,NA,NA,NA,NA
"X0.589",NA,NA,NA,NA,NA,NA,NA,NA,NA,NA
"X0.590",NA,NA,NA,NA,NA,NA,NA,NA,NA,NA
"X0.591",NA,NA,NA,NA,NA,NA,NA,NA,NA,NA
"X0.592",NA,NA,NA,NA,NA,NA,NA,NA,NA,NA
"X0.593",NA,NA,NA,NA,NA,NA,NA,NA,NA,NA
"X0.594",NA,NA,NA,NA,NA,NA,NA,NA,NA,NA
"X0.595",NA,NA,NA,NA,NA,NA,NA,NA,NA,NA
"X0.596",NA,NA,NA,NA,NA,NA,NA,NA,NA,NA
"X0.597",NA,NA,NA,NA,NA,NA,NA,NA,NA,NA
"X0.598",NA,NA,NA,NA,NA,NA,NA,NA,NA,NA
"X0.599",NA,NA,NA,NA,NA,NA,NA,NA,NA,NA
"X0.600",NA,NA,NA,NA,NA,NA,NA,NA,NA,NA
"X0.601",NA,NA,NA,NA,NA,NA,NA,NA,NA,NA
"X0.602",NA,NA,NA,NA,NA,NA,NA,NA,NA,NA
"X0.603",NA,NA,NA,NA,NA,NA,NA,NA,NA,NA
"X0.604",NA,NA,NA,NA,NA,NA,NA,NA,NA,NA
"X0.605",NA,NA,NA,NA,NA,NA,NA,NA,NA,NA
"X0.606",NA,NA,NA,NA,NA,NA,NA,NA,NA,NA
"X0.607",NA,NA,NA,NA,NA,NA,NA,NA,NA,NA
"X0.608",NA,NA,NA,NA,NA,NA,NA,NA,NA,NA
"X0.609",NA,NA,NA,NA,NA,NA,NA,NA,NA,NA
"X0.610",NA,NA,NA,NA,NA,NA,NA,NA,NA,NA
"X0.611",NA,NA,NA,NA,NA,NA,NA,NA,NA,NA
"X0.612",NA,NA,NA,NA,NA,NA,NA,NA,NA,NA
"X0.613",NA,NA,NA,NA,NA,NA,NA,NA,NA,NA
"X0.614",NA,NA,NA,NA,NA,NA,NA,NA,NA,NA
"X0.615",NA,NA,NA,NA,NA,NA,NA,NA,NA,NA
"X0.616",NA,NA,NA,NA,NA,NA,NA,NA,NA,NA
